{
  "num_cameras": 8,
  "distortion_order": 1,
  "cameras": [
    {
      "camera_id": 1,
      "image_bounds": {
        "min_row": 0.0,
        "max_row": 1079.0,
        "min_col": 0.0,
        "max_col": 1919.0
      },
      "intrinsics": {
        "fx": 1284.32,
        "fy": 1286.38,
        "cx": 959.5,
        "cy": 539.5
      },
      "distortion": 1.40869e-05,
      "rotation_matrix": [
        [
          -0.99713,
          0.00504186,
          -0.0755413
        ],
        [
          0.0221672,
          -0.93461,
          -0.354982
        ],
        [
          -0.0723915,
          -0.355637,
          0.931816
        ]
      ],
      "translation_vector": [
        0.820506,
        0.59704,
        5.33591
      ]
    },
    {
      "camera_id": 2,
      "image_bounds": {
        "min_row": 0.0,
        "max_row": 1079.0,
        "min_col": 0.0,
        "max_col": 1919.0
      },
      "intrinsics": {
        "fx": 1395.1,
        "fy": 1400.23,
        "cx": 959.5,
        "cy": 539.5
      },
      "distortion": -3.35321e-05,
      "rotation_matrix": [
        [
          0.00446316,
          0.00528034,
          -0.999976
        ],
        [
          0.33666,
          -0.941619,
          -0.0034703
        ],
        [
          -0.941616,
          -0.336637,
          -0.00598029
        ]
      ],
      "translation_vector": [
        -2.20664,
        1.22766,
        3.89912
      ]
    },
    {
      "camera_id": 3,
      "image_bounds": {
        "min_row": 0.0,
        "max_row": 1079.0,
        "min_col": 0.0,
        "max_col": 1919.0
      },
      "intrinsics": {
        "fx": 1323.44,
        "fy": 1324.55,
        "cx": 959.5,
        "cy": 539.5
      },
      "distortion": 5.94273e-06,
      "rotation_matrix": [
        [
          0.27303,
          0.013108,
          -0.961916
        ],
        [
          0.412753,
          -0.904791,
          0.104826
        ],
        [
          -0.868959,
          -0.425654,
          -0.252446
        ]
      ],
      "translation_vector": [
        1.36679,
        0.684397,
        4.20159
      ]
    },
    {
      "camera_id": 4,
      "image_bounds": {
        "min_row": 0.0,
        "max_row": 1079.0,
        "min_col": 0.0,
        "max_col": 1919.0
      },
      "intrinsics": {
        "fx": 1184.09,
        "fy": 1186.36,
        "cx": 959.5,
        "cy": 539.5
      },
      "distortion": 1.09382e-05,
      "rotation_matrix": [
        [
          0.99949,
          0.0163305,
          -0.0274504
        ],
        [
          0.025059,
          -0.933812,
          0.356885
        ],
        [
          -0.0198053,
          -0.357392,
          -0.933745
        ]
      ],
      "translation_vector": [
        -0.641861,
        0.643888,
        4.92216
      ]
    },
    {
      "camera_id": 5,
      "image_bounds": {
        "min_row": 0.0,
        "max_row": 1079.0,
        "min_col": 0.0,
        "max_col": 1919.0
      },
      "intrinsics": {
        "fx": 1258.59,
        "fy": 1262.66,
        "cx": 959.5,
        "cy": 539.5
      },
      "distortion": 1.53595e-05,
      "rotation_matrix": [
        [
          0.987599,
          0.0177199,
          0.155994
        ],
        [
          -0.0375512,
          -0.938108,
          0.3443
        ],
        [
          0.15244,
          -0.345888,
          -0.925809
        ]
      ],
      "translation_vector": [
        2.23478,
        0.612573,
        5.09217
      ]
    },
    {
      "camera_id": 6,
      "image_bounds": {
        "min_row": 0.0,
        "max_row": 1079.0,
        "min_col": 0.0,
        "max_col": 1919.0
      },
      "intrinsics": {
        "fx": 1221.95,
        "fy": 1223.89,
        "cx": 959.5,
        "cy": 539.5
      },
      "distortion": -1.19376e-05,
      "rotation_matrix": [
        [
          0.112407,
          -0.0230226,
          0.993395
        ],
        [
          -0.325053,
          -0.945579,
          0.0148664
        ],
        [
          0.938991,
          -0.324578,
          -0.113773
        ]
      ],
      "translation_vector": [
        -1.69049,
        0.705773,
        5.08975
      ]
    },
    {
      "camera_id": 7,
      "image_bounds": {
        "min_row": 0.0,
        "max_row": 1079.0,
        "min_col": 0.0,
        "max_col": 1919.0
      },
      "intrinsics": {
        "fx": 1423.67,
        "fy": 1424.72,
        "cx": 959.5,
        "cy": 539.5
      },
      "distortion": 1.33421e-05,
      "rotation_matrix": [
        [
          -0.202673,
          -0.00509458,
          0.979233
        ],
        [
          -0.274693,
          -0.959541,
          -0.0618459
        ],
        [
          0.939929,
          -0.281523,
          0.193073
        ]
      ],
      "translation_vector": [
        1.49216,
        0.950175,
        5.05207
      ]
    },
    {
      "camera_id": 8,
      "image_bounds": {
        "min_row": 0.0,
        "max_row": 1079.0,
        "min_col": 0.0,
        "max_col": 1919.0
      },
      "intrinsics": {
        "fx": 1239.2,
        "fy": 1242.52,
        "cx": 959.5,
        "cy": 539.5
      },
      "distortion": -8.68019e-06,
      "rotation_matrix": [
        [
          -0.904902,
          -0.0205024,
          0.425125
        ],
        [
          -0.141438,
          -0.92759,
          -0.345793
        ],
        [
          0.401432,
          -0.373038,
          0.836478
        ]
      ],
      "translation_vector": [
        -0.106999,
        0.172359,
        5.92353
      ]
    }
  ]
}